{
  "generator-jhipster": {
    "applicationType": "monolith",
    "authenticationType": "jwt",
    "baseName": "releasePortal",
    "blueprints": [],
    "buildTool": "maven",
    "cacheProvider": "no",
    "clientFramework": "vue",
    "clientPackageManager": "npm",
    "creationTimestamp": 1710400279323,
    "databaseType": "sql",
    "devDatabaseType": "h2Disk",
    "devServerPort": 9060,
    "enableHibernateCache": false,
    "enableSwaggerCodegen": false,
    "enableTranslation": true,
    "entities": [],
    "gitCompany": "",
    "jhiPrefix": "jhi",
    "jhipsterVersion": "8.1.0",
    "jwtSecretKey": "Y2MwNzlkNjY1YjAwMDkwZDVhMzQ5MTNmMzlhNzUzNjZkNzBkZTU4MTcwMGJjNzA1YjEzNzM3ZDFmODAwZmM1OTA2ODU0M2JkZThmMmNlNTAwZDBhNGRiZjU3ZWNmMjlmMDMwYzVjYTYyMTc5ODcyYzI2YzFmNmZiMTVmNzU0MDA=",
    "languages": ["ru", "en"],
    "messageBroker": false,
    "nativeLanguage": "ru",
    "packageFolder": "ru/homebank",
    "packageName": "ru.homebank",
    "prodDatabaseType": "postgresql",
    "searchEngine": false,
    "serverPort": 8080,
    "serviceDiscoveryType": false,
    "testFrameworks": [],
    "useSass": true,
    "websocket": false,
    "withAdminUi": true
  }
}
